target,angle_cm_deg,ratio_to_rutherford
Ca40,14.916,0.5496
Ca40,15.846,0.48195
Ca40,15.855,0.40447
Ca40,16.786,0.347
Ca40,17.716,0.31103
Ca40,20.024,0.30437
Ca40,21.858,0.38739
Ca40,21.865,0.33967
Ca40,23.233,0.44188
Ca40,25.534,0.45178
Ca40,26.919,0.41394
Ca40,27.383,0.37101
Ca40,27.85,0.31828
Ca40,28.778,0.26714
Ca40,29.243,0.23424
Ca40,29.709,0.2054
Ca40,30.177,0.16865
Ca40,31.102,0.14469
Ca40,31.105,0.13549
Ca40,32.48,0.13551
Ca40,33.387,0.16148
Ca40,33.836,0.19242
Ca40,34.286,0.22433
Ca40,35.195,0.25032
Ca40,36.563,0.26158
Ca40,38.844,0.26164
Ca40,40.216,0.23453
Ca40,40.679,0.19684
Ca40,40.688,0.16519
Ca40,41.149,0.14485
Ca40,41.613,0.11894
Ca40,42.075,0.10203
Ca40,42.536,0.08947
Ca40,42.999,0.07509
Ca40,43.036,0.034879
Ca40,43.043,0.02992
Ca40,43.056,0.023003
Ca40,43.06,0.021073
Ca40,43.459,0.065844
Ca40,43.465,0.057734
Ca40,43.474,0.048452
Ca40,43.481,0.041563
Ca40,43.503,0.026817
Ca40,43.52,0.018888
Ca40,43.524,0.017303
Ca40,43.984,0.015173
Ca40,44.893,0.014209
Ca40,46.242,0.017309
Ca40,46.248,0.015513
Ca40,46.675,0.026246
Ca40,46.684,0.022026
Ca40,46.689,0.019741
Ca40,47.111,0.036459
Ca40,47.12,0.030597
Ca40,47.54,0.05904
Ca40,47.547,0.050646
Ca40,47.555,0.042504
Ca40,47.975,0.08383
Ca40,47.982,0.071911
Ca40,48.403,0.13281
Ca40,48.411,0.11393
Ca40,48.418,0.097729
Ca40,49.285,0.20586
Ca40,49.291,0.1805
Ca40,49.299,0.15484
Ca40,50.632,0.22972
Ca40,52.43,0.24006
Ca40,54.228,0.22982
Ca40,55.128,0.21522
Ca40,56.03,0.18873
Ca40,56.034,0.1729
Ca40,56.937,0.14833
Ca40,56.944,0.12724
Ca40,57.397,0.11157
Ca40,57.406,0.093636
Ca40,57.859,0.080327
Ca40,58.312,0.070437
Ca40,58.318,0.061761
Ca40,58.327,0.051832
Ca40,58.333,0.045447
Ca40,58.788,0.038143
Ca40,59.24,0.034187
Ca40,59.247,0.029326
Ca40,59.255,0.024612
Ca40,59.262,0.021113
Ca40,59.716,0.018112
Ca40,60.169,0.015201
Ca40,60.176,0.013328
Ca40,60.181,0.011946
Ca40,60.631,0.010707
Ca40,60.637,0.0093879
Ca40,60.645,0.0080531
Ca40,61.096,0.0070616
Ca40,61.547,0.0060579
Ca40,61.555,0.0051966
Ca40,61.562,0.0044578
Ca40,62.897,0.0042673
Ca40,63.75,0.0086033
Ca40,63.757,0.0075436
Ca40,63.764,0.0064711
Ca40,63.771,0.005551
Ca40,63.779,0.0047618
Ca40,64.144,0.024626
Ca40,64.153,0.019781
Ca40,64.162,0.016601
Ca40,64.17,0.013932
Ca40,64.176,0.012216
Ca40,64.186,0.01003
Ca40,64.561,0.041664
Ca40,64.57,0.034966
Ca40,64.577,0.029995
Ca40,64.995,0.049648
Ca40,65.432,0.056625
Ca40,66.308,0.066017
Ca40,67.186,0.073667
Ca40,68.503,0.082208
Ca40,70.26,0.084047
Ca40,71.581,0.077007
Ca40,72.025,0.067525
Ca40,72.032,0.057924
Ca40,72.476,0.050792
Ca40,72.481,0.045522
Ca40,72.486,0.040799
Ca40,72.932,0.034242
Ca40,72.938,0.030024
Ca40,72.944,0.026326
Ca40,73.389,0.022584
Ca40,73.396,0.019373
Ca40,73.403,0.016619
Ca40,73.851,0.01335
Ca40,73.856,0.011705
Ca40,74.302,0.0098241
Ca40,74.745,0.0084277
Ca40,74.755,0.0069196
Ca40,74.763,0.0058071
Ca40,74.77,0.0049815
Ca40,74.777,0.0043679
Ca40,74.784,0.0037469
Ca40,74.791,0.0032142
Ca40,75.234,0.0027573
Ca40,75.245,0.0021668
Ca40,75.676,0.0024178
Ca40,75.687,0.0019
Ca40,77.842,0.0028193
Ca40,77.849,0.002472
Ca40,77.861,0.0019005
Ca40,78.25,0.0049836
Ca40,78.264,0.0037484
Ca40,78.271,0.0032155
Ca40,78.29,0.0021207
Ca40,78.638,0.013357
Ca40,78.646,0.011458
Ca40,78.653,0.0096161
Ca40,78.661,0.0080702
Ca40,78.669,0.0067728
Ca40,78.674,0.0060701
Ca40,78.69,0.0043699
Ca40,79.042,0.025215
Ca40,79.05,0.021162
Ca40,79.056,0.018555
Ca40,79.061,0.01663
Ca40,79.454,0.039948
Ca40,79.46,0.035027
Ca40,79.465,0.030713
Ca40,80.311,0.047605
Ca40,81.168,0.055501
Ca40,81.593,0.063301
Ca40,82.449,0.0738
Ca40,84.596,0.078834
Ca40,85.885,0.077138
Ca40,87.599,0.072246
Ca40,88.457,0.066191
Ca40,88.889,0.059327
Ca40,89.319,0.053174
Ca40,89.75,0.047659
Ca40,90.182,0.041791
Ca40,90.612,0.037457
Ca40,91.467,0.032847
Ca40,92.738,0.033579
Ca40,93.581,0.036658
Ca40,93.997,0.042736
Ca40,94.411,0.050926
Ca40,94.826,0.060684
Ca40,95.241,0.069213
Ca40,96.077,0.080693
Ca40,96.492,0.092033
Ca40,96.906,0.10497
Ca40,97.741,0.11973
Ca40,98.576,0.1307
Ca40,100.66,0.1491
Ca40,102.33,0.14274
Ca40,103.58,0.13368
Ca40,104.42,0.11982
Ca40,105.25,0.1074
Ca40,106.08,0.094183
Ca40,106.09,0.082582
Ca40,106.51,0.070845
Ca40,106.93,0.062121
Ca40,106.94,0.053289
Ca40,108.18,0.047768
Ca40,109.01,0.043764
Ca40,110.64,0.054495
Ca40,110.65,0.046747
Ca40,111.46,0.063533
Ca40,111.86,0.072462
Ca40,112.26,0.082646
Ca40,113.49,0.094271
Ca40,113.88,0.10519
Ca40,115.1,0.11484
Ca40,117.14,0.11238
Ca40,118.36,0.10525
Ca40,119.16,0.096428
Ca40,119.58,0.084555
Ca40,119.99,0.074144
Ca40,120.8,0.063609
Ca40,121.2,0.057012
Ca40,121.61,0.049992
Ca40,122.43,0.04481
Ca40,122.83,0.039292
Ca40,123.24,0.03761
Ca40,124.83,0.038451
Ca40,125.23,0.044826
Ca40,126.42,0.051131
Ca40,127.21,0.057056
Ca40,127.61,0.066516
Ca40,128.8,0.074228
Ca40,130.38,0.075888
Ca40,131.58,0.071071
Ca40,131.58,0.063697
Ca40,131.98,0.057091
Ca40,132.38,0.051171
Ca40,132.78,0.04487
Ca40,133.18,0.038492
Ca40,133.19,0.03302
Ca40,133.99,0.027714
Ca40,134.38,0.024302
Ca40,134.4,0.017883
Ca40,134.78,0.020848
Ca40,135.2,0.016029
Ca40,135.2,0.014366
Ca40,135.6,0.012876
Ca40,135.99,0.011291
Ca40,136,0.0096853
Ca40,136.01,0.0084923
Ca40,136.02,0.0063876
Ca40,136.4,0.0074466
Ca40,136.42,0.0054797
Ca40,136.81,0.0050202
Ca40,136.82,0.0038596
Ca40,137.21,0.0043067
Ca40,137.22,0.0032393
Ca40,137.23,0.0028403
Ca40,137.24,0.0024365
Ca40,137.24,0.0022815
Ca40,138.41,0.0022324
Ca40,138.76,0.0058537
Ca40,138.79,0.0033117
Ca40,138.8,0.0027793
Ca40,138.8,0.0025461
Ca40,139.16,0.0046004
Ca40,139.17,0.0039463
Ca40,139.53,0.008132
Ca40,139.54,0.0068247
Ca40,139.9,0.015019
Ca40,139.9,0.017508
Ca40,139.91,0.012604
Ca40,139.92,0.010578
Ca40,139.92,0.0092749
Ca40,140.27,0.023278
Ca40,140.28,0.020411
Ca40,140.64,0.041148
Ca40,140.65,0.030279
Ca40,140.65,0.034532
Ca40,140.66,0.027137
Ca40,141.03,0.045913
Ca40,141.41,0.052366
Ca40,141.41,0.057162
Ca40,142.18,0.065199
Ca40,142.56,0.074362
Ca40,143.34,0.082979
Ca40,144.5,0.090593
Ca40,146.05,0.09467
Ca40,147.99,0.092642
Ca40,149.16,0.084883
Ca40,149.93,0.077769
Ca40,150.32,0.069704
Ca40,150.32,0.061118
Ca40,150.71,0.053592
Ca40,151.11,0.045975
Ca40,151.5,0.040314
Ca40,151.51,0.033833
Ca40,151.89,0.028395
Ca40,151.9,0.024358
Ca40,152.3,0.022316
Ca40,152.3,0.017157
Ca40,152.3,0.015377
Ca40,152.68,0.019568
Ca40,152.7,0.013483
Ca40,152.77,0.0021882
Ca40,152.78,0.0017577
Ca40,152.79,0.0013813
Ca40,153.09,0.011823
Ca40,153.09,0.010596
Ca40,153.11,0.0073014
Ca40,153.13,0.0048154
Ca40,153.14,0.003868
Ca40,153.14,0.0034667
Ca40,153.14,0.0030397
Ca40,153.15,0.0024416
Ca40,153.16,0.0019612
Ca40,153.17,0.0015754
Ca40,153.18,0.0012935
Ca40,153.48,0.0092916
Ca40,153.49,0.0081471
Ca40,153.5,0.0061279
Ca40,153.5,0.0053731
Ca40,153.51,0.004316
Ca40,153.54,0.0027244
Ca40,153.95,0.0013815
Ca40,154.31,0.0020948
Ca40,154.32,0.0015081
Ca40,154.66,0.0051436
Ca40,154.67,0.0038688
Ca40,154.67,0.0043167
Ca40,154.68,0.0032468
Ca40,154.69,0.0024421
Ca40,154.69,0.0027852
Ca40,154.7,0.0017971
Ca40,155,0.011826
Ca40,155.01,0.0099249
Ca40,155.02,0.0081488
Ca40,155.03,0.0068387
Ca40,155.04,0.0057393
Ca40,155.36,0.024369
Ca40,155.37,0.021841
Ca40,155.38,0.01833
Ca40,155.38,0.015724
Ca40,155.39,0.013787
Ca40,155.73,0.031699
Ca40,155.74,0.027192
Ca40,156.12,0.036954
Ca40,156.48,0.049134
Ca40,156.49,0.041235
Ca40,156.85,0.063911
Ca40,156.86,0.056039
Ca40,157.23,0.084975
Ca40,157.24,0.076158
Ca40,157.6,0.11298
Ca40,157.61,0.10126
Ca40,157.96,0.1676
Ca40,157.98,0.12886
Ca40,158.34,0.19116
Ca40,158.35,0.14697
Ca40,159.11,0.21331
Ca40,159.48,0.23802
Ca40,160.24,0.25984
Ca40,161.77,0.27154
Ca40,162.91,0.25994
Ca40,163.3,0.23814
Ca40,163.69,0.19553
Ca40,164.06,0.21345
Ca40,164.45,0.17527
Ca40,164.46,0.15708
Ca40,164.85,0.13774
Ca40,165.23,0.12078
Ca40,165.24,0.1059
Ca40,165.63,0.094919
Ca40,165.63,0.086955
Ca40,165.63,0.077933
Ca40,165.64,0.068334
Ca40,166.02,0.061247
Ca40,166.03,0.048131
Ca40,166.03,0.045069
Ca40,166.04,0.038661
Ca40,166.05,0.031743
Ca40,166.05,0.028449
Ca40,166.06,0.025498
Ca40,166.07,0.018356
Ca40,166.4,0.054895
Ca40,166.42,0.03542
Ca40,166.44,0.022358
Ca40,166.45,0.020038
Ca40,166.46,0.017189
Ca40,166.84,0.015748
Ca40,166.85,0.014114
Ca40,167.97,0.021878
Ca40,167.98,0.017574
Ca40,167.98,0.014749
Ca40,168.31,0.052555
Ca40,168.32,0.045083
Ca40,168.34,0.028458
Ca40,168.35,0.024953
Ca40,168.71,0.033177
Ca40,168.71,0.038675
Ca40,169.05,0.083266
Ca40,169.06,0.07301
Ca40,169.07,0.062629
Ca40,169.41,0.13484
Ca40,169.42,0.11567
Ca40,169.43,0.10142
Ca40,169.77,0.23835
Ca40,169.78,0.20446
Ca40,169.79,0.15379
Ca40,170.13,0.33843
Ca40,170.14,0.29031
Ca40,170.16,0.17929
Ca40,170.5,0.45994
Ca40,170.51,0.39454
Ca40,170.88,0.52457
Ca40,171.63,0.58536
Ca40,171.63,0.66759
Ca40,172.01,0.72877
Ca44,14.86,0.6024
Ca44,15.785,0.4932
Ca44,17.166,0.4317
Ca44,18.536,0.4223
Ca44,19.895,0.4827
Ca44,21.72,0.5395
Ca44,23.543,0.5397
Ca44,24.931,0.4322
Ca44,25.397,0.3699
Ca44,26.318,0.3029
Ca44,27.238,0.2269
Ca44,27.703,0.1858
Ca44,29.088,0.1521
Ca44,29.099,0.1274
Ca44,30.007,0.109
Ca44,31.379,0.1066
Ca44,32.275,0.1192
Ca44,33.623,0.1664
Ca44,34.518,0.2033
Ca44,36.316,0.2483
Ca44,39.014,0.2968
Ca44,39.487,0.243
Ca44,40.399,0.1946
Ca44,41.31,0.1666
Ca44,41.321,0.1364
Ca44,41.332,0.1167
Ca44,41.342,0.09771
Ca44,41.375,0.04589
Ca44,41.803,0.08
Ca44,41.814,0.06697
Ca44,41.825,0.05362
Ca44,42.307,0.02943
Ca44,42.746,0.03675
Ca44,43.216,0.02305
Ca44,43.676,0.01846
Ca44,45.034,0.01766
Ca44,45.888,0.0393
Ca44,45.92,0.02205
Ca44,46.358,0.02754
Ca44,46.752,0.06554
Ca44,46.774,0.0502
Ca44,47.19,0.08186
Ca44,48.074,0.1022
Ca44,49.405,0.1277
Ca44,50.287,0.1492
Ca44,51.636,0.1428
Ca44,54.317,0.1278
Ca44,55.66,0.1001
Ca44,55.671,0.08568
Ca44,56.125,0.07498
Ca44,56.579,0.06277
Ca44,56.601,0.0385
Ca44,57.476,0.04808
Ca44,57.508,0.03015
Ca44,57.54,0.01692
Ca44,57.961,0.02414
Ca44,57.972,0.02021
Ca44,57.993,0.01448
Ca44,57.993,0.01239
Ca44,58.003,0.01085
Ca44,58.035,0.005694
Ca44,58.098,0.002141
Ca44,58.098,0.001874
Ca44,58.456,0.008686
Ca44,58.467,0.007111
Ca44,58.488,0.004983
Ca44,58.52,0.003125
Ca44,58.52,0.002735
Ca44,58.941,0.004172
Ca44,58.951,0.003571
Ca44,59.436,0.001754
Ca44,60.697,0.005824
Ca44,60.739,0.002503
Ca44,60.739,0.002735
Ca44,61.065,0.0221
Ca44,61.075,0.0185
Ca44,61.086,0.01549
Ca44,61.096,0.01213
Ca44,61.107,0.01015
Ca44,61.149,0.004664
Ca44,61.159,0.003904
Ca44,61.17,0.003417
Ca44,61.201,0.001917
Ca44,61.485,0.03017
Ca44,61.495,0.02525
Ca44,61.558,0.008312
Ca44,61.569,0.006958
Ca44,61.926,0.03525
Ca44,62.345,0.04501
Ca44,62.345,0.05143
Ca44,63.215,0.06424
Ca44,64.084,0.07342
Ca44,65.401,0.08391
Ca44,67.143,0.09379
Ca44,68.902,0.08583
Ca44,69.786,0.07348
Ca44,70.232,0.06151
Ca44,70.678,0.05149
Ca44,70.678,0.04507
Ca44,70.689,0.03857
Ca44,70.699,0.03301
Ca44,71.145,0.02764
Ca44,71.591,0.02314
Ca44,71.601,0.01853
Ca44,71.611,0.01621
Ca44,72.057,0.01215
Ca44,72.067,0.01063
Ca44,72.512,0.008703
Ca44,72.522,0.007449
Ca44,72.967,0.006099
Ca44,72.978,0.005338
Ca44,73.412,0.004777
Ca44,73.432,0.003911
Ca44,73.877,0.003202
Ca44,73.877,0.002741
Ca44,74.764,0.002244
Ca44,75.208,0.001681
Ca44,76.001,0.007129
Ca44,76.011,0.005836
Ca44,76.063,0.0021
Ca44,76.073,0.001837
Ca44,76.361,0.02587
Ca44,76.371,0.01982
Ca44,76.402,0.01299
Ca44,76.413,0.01064
Ca44,76.423,0.009104
Ca44,76.454,0.004779
Ca44,76.464,0.004182
Ca44,76.485,0.002681
Ca44,76.495,0.002347
Ca44,76.824,0.01485
Ca44,76.906,0.003275
Ca44,77.215,0.03091
Ca44,78.067,0.03861
Ca44,79.78,0.04823
Ca44,81.498,0.05893
Ca44,83.64,0.05393
Ca44,84.505,0.04416
Ca44,85.389,0.02895
Ca44,85.399,0.02424
Ca44,85.795,0.03865
Ca44,85.805,0.03236
Ca44,86.261,0.02029
Ca44,86.697,0.01737
Ca44,86.707,0.01422
Ca44,87.143,0.01217
Ca44,87.143,0.01042
Ca44,87.163,0.007804
Ca44,87.174,0.00668
Ca44,87.578,0.009118
Ca44,90.134,0.007636
Ca44,90.154,0.006114
Ca44,90.547,0.01019
Ca44,90.95,0.0159
Ca44,90.96,0.01302
Ca44,91.785,0.01942
Ca44,92.619,0.02373
Ca44,93.452,0.02899
Ca44,93.863,0.03463
Ca44,95.114,0.04326
Ca44,96.783,0.05169
Ca44,98.456,0.05286
Ca44,99.718,0.04731
Ca44,100.15,0.04234
Ca44,100.99,0.03624
Ca44,102.24,0.03172
Ca44,102.24,0.02715
Ca44,103.08,0.02377
Ca44,103.51,0.0199
Ca44,104.35,0.01741
Ca44,105.64,0.01524
Ca44,106.82,0.01364
Ca44,108.87,0.01491
Ca44,109.75,0.01743
Ca44,110.92,0.01992
Ca44,111.7,0.0238
Ca44,112.58,0.0266
Ca44,113.36,0.03039
Ca44,115.01,0.03474
Ca44,117.81,0.03475
Ca44,118.68,0.02975
Ca44,119.06,0.02604
Ca44,119.93,0.01994
Ca44,120.31,0.01746
Ca44,121.08,0.01461
Ca44,121.17,0.01223
Ca44,122.32,0.01002
Ca44,122.8,0.008202
Ca44,123.95,0.006867
Ca44,123.95,0.005878
Ca44,124.43,0.005031
Ca44,126.43,0.004503
Ca44,127.19,0.005146
Ca44,127.19,0.006148
Ca44,127.57,0.007183
Ca44,127.57,0.009172
Ca44,128.33,0.01072
Ca44,128.33,0.01252
Ca44,128.71,0.01463
Ca44,131.17,0.01636
Ca44,133.15,0.016
Ca44,134.66,0.01432
Ca44,135.5,0.01199
Ca44,136.35,0.007193
Ca44,136.72,0.008404
Ca44,136.72,0.01004
Ca44,137.47,0.00576
Ca44,138.69,0.005155
Ca44,141.87,0.004719
Ca44,142.61,0.00404
Ca44,142.98,0.003615
Ca44,143.82,0.003164
Ca44,143.82,0.002534
Ca44,145.03,0.001776
Ca44,145.03,0.001019
Ca44,145.4,0.001422
Ca44,145.4,0.001272
Ca44,145.4,0.002169
Ca44,145.86,0.0008917
Ca44,145.86,0.0006389
Ca44,146.23,0.000714
Ca44,146.23,0.0005717
Ca44,146.6,0.0005004
Ca44,147.07,0.0004478
Ca44,147.81,0.0005117
Ca44,148.55,0.0006114
Ca44,148.55,0.001114
Ca44,148.92,0.000975
Ca44,148.92,0.0006986
Ca44,149.29,0.001331
Ca44,149.29,0.001626
Ca44,149.29,0.001817
Ca44,149.29,0.002269
Ca44,149.29,0.002771
Ca44,149.38,0.0008534
Ca44,149.66,0.003167
Ca44,150.4,0.003619
Ca44,150.86,0.004324
Ca44,151.23,0.005052
Ca44,151.96,0.006171
Ca44,152.33,0.006897
Ca44,153.53,0.007883
Ca44,155,0.007884
Ca44,156.2,0.00675
Ca44,157.02,0.003171
Ca44,157.39,0.005406
Ca44,157.39,0.004627
Ca44,157.39,0.003705
Ca44,157.39,0.006041
Ca44,157.39,0.002654
Ca44,157.39,0.002222
Ca44,157.85,0.001945
Ca44,158.95,0.001741
Ca44,160.14,0.001945
Ca44,160.5,0.002376
Ca44,160.87,0.002597
Ca44,161.24,0.003244
Ca44,161.6,0.003626
Ca44,161.97,0.004429
Ca44,162.42,0.005175
Ca44,163.52,0.006464
Ca44,165.44,0.007226
Ca44,166.26,0.006612
Ca44,166.62,0.005917
Ca44,166.62,0.005294
Ca44,167.35,0.004634
Ca44,167.81,0.003879
Ca44,167.81,0.002719
Ca44,168.17,0.003395
Ca44,168.17,0.002433
Ca44,168.17,0.001905
Ca44,169.36,0.001705
Ca44,170.09,0.001949
Ca44,170.09,0.002328
Ca44,170.09,0.003177
Ca44,170.45,0.00266
Ca44,170.81,0.003713
Ca44,171.18,0.004535
Ca44,171.54,0.006472
Ca44,171.54,0.007561
Ca44,171.63,0.00554
Ca44,172.36,0.009034
Ca44,172.36,0.01079
Ca44,172.73,0.01289
Ca44,172.73,0.01473
Ca44,173.09,0.0184
Ca44,173.09,0.02056
Ca44,173.45,0.02568
Ca44,173.82,0.0287
Ca48,15.933,0.57851
Ca48,16.845,0.50721
Ca48,17.302,0.46463
Ca48,17.759,0.41639
Ca48,19.573,0.46469
Ca48,20.479,0.49631
Ca48,21.84,0.5301
Ca48,23.2,0.51864
Ca48,24.563,0.45473
Ca48,25.02,0.39868
Ca48,25.022,0.3652
Ca48,25.477,0.32018
Ca48,26.839,0.28073
Ca48,26.841,0.25715
Ca48,27.296,0.23045
Ca48,27.298,0.2111
Ca48,27.305,0.15529
Ca48,27.754,0.18106
Ca48,28.664,0.13918
Ca48,29.12,0.11938
Ca48,30.027,0.10936
Ca48,31.83,0.11939
Ca48,32.278,0.13619
Ca48,33.178,0.15535
Ca48,33.623,0.18514
Ca48,34.071,0.21118
Ca48,34.52,0.23566
Ca48,35.418,0.25728
Ca48,38.565,0.26303
Ca48,39.017,0.23572
Ca48,39.027,0.15884
Ca48,39.47,0.20666
Ca48,39.471,0.1935
Ca48,39.473,0.17725
Ca48,39.937,0.093846
Ca48,40.376,0.13927
Ca48,40.379,0.11945
Ca48,40.382,0.10942
Ca48,40.389,0.082278
Ca48,40.392,0.07057
Ca48,41.293,0.06053
Ca48,41.296,0.053068
Ca48,41.747,0.046526
Ca48,41.75,0.041695
Ca48,42.202,0.034986
Ca48,42.206,0.029357
Ca48,42.657,0.02518
Ca48,43.107,0.023066
Ca48,43.989,0.039045
Ca48,44.433,0.044537
Ca48,44.442,0.032052
Ca48,44.444,0.028101
Ca48,44.447,0.024636
Ca48,45.315,0.075389
Ca48,45.318,0.064661
Ca48,45.323,0.054257
Ca48,46.201,0.10476
Ca48,46.205,0.085995
Ca48,46.643,0.12214
Ca48,47.085,0.14557
Ca48,48.421,0.16245
Ca48,49.754,0.17351
Ca48,51.535,0.15551
Ca48,51.538,0.13633
Ca48,52.873,0.12219
Ca48,52.875,0.1095
Ca48,53.321,0.1003
Ca48,53.324,0.087937
Ca48,54.215,0.075427
Ca48,54.217,0.066128
Ca48,54.668,0.048648
Ca48,55.106,0.057978
Ca48,55.112,0.044564
Ca48,55.116,0.038222
Ca48,55.137,0.015554
Ca48,55.561,0.033511
Ca48,55.568,0.024652
Ca48,55.577,0.017742
Ca48,55.583,0.013051
Ca48,55.587,0.010951
Ca48,55.59,0.0096012
Ca48,56.008,0.028119
Ca48,56.014,0.021144
Ca48,56.919,0.0087955
Ca48,58.241,0.0096026
Ca48,58.679,0.010953
Ca48,59.108,0.018541
Ca48,59.116,0.013054
Ca48,59.552,0.015903
Ca48,59.983,0.024123
Ca48,59.986,0.021149
Ca48,60.414,0.036593
Ca48,60.417,0.032081
Ca48,60.42,0.027516
Ca48,60.841,0.061941
Ca48,60.846,0.050847
Ca48,61.277,0.073821
Ca48,61.289,0.043612
Ca48,61.713,0.086071
Ca48,62.15,0.098178
Ca48,63.464,0.10956
Ca48,64.777,0.11962
Ca48,66.53,0.10721
Ca48,67.406,0.093993
Ca48,67.852,0.060622
Ca48,67.858,0.047629
Ca48,68.284,0.077162
Ca48,68.287,0.067649
Ca48,68.291,0.055532
Ca48,68.298,0.039966
Ca48,68.302,0.033535
Ca48,68.305,0.028763
Ca48,69.181,0.025218
Ca48,69.184,0.021629
Ca48,69.19,0.016625
Ca48,69.193,0.014575
Ca48,69.623,0.018552
Ca48,70.069,0.011965
Ca48,70.078,0.007717
Ca48,70.086,0.0056769
Ca48,70.505,0.010961
Ca48,70.51,0.009401
Ca48,70.517,0.0067657
Ca48,70.958,0.0050876
Ca48,70.961,0.0044604
Ca48,72.267,0.0039108
Ca48,73.123,0.0063359
Ca48,73.56,0.0054344
Ca48,73.564,0.00456
Ca48,73.985,0.0078899
Ca48,74.406,0.013355
Ca48,74.41,0.011206
Ca48,74.415,0.0089996
Ca48,74.834,0.01627
Ca48,75.253,0.028775
Ca48,75.257,0.024144
Ca48,75.262,0.01939
Ca48,75.677,0.041776
Ca48,75.683,0.033549
Ca48,76.106,0.049788
Ca48,76.532,0.059337
Ca48,77.393,0.067685
Ca48,79.113,0.072295
Ca48,81.26,0.072304
Ca48,81.691,0.067702
Ca48,82.122,0.059357
Ca48,82.124,0.054372
Ca48,82.127,0.047668
Ca48,82.129,0.042718
Ca48,82.564,0.032123
Ca48,82.99,0.035846
Ca48,83.423,0.027553
Ca48,83.426,0.024156
Ca48,83.857,0.020719
Ca48,84.288,0.017771
Ca48,84.292,0.014912
Ca48,84.722,0.013074
Ca48,85.151,0.011462
Ca48,85.155,0.0096177
Ca48,85.584,0.0088102
Ca48,85.587,0.007724
Ca48,85.59,0.0067717
Ca48,85.592,0.0059369
Ca48,86.033,0.0032129
Ca48,86.036,0.0028168
Ca48,86.447,0.0053206
Ca48,86.455,0.0036648
Ca48,86.875,0.0047682
Ca48,86.879,0.0040896
Ca48,88.163,0.0026963
Ca48,89.01,0.0030089
Ca48,89.417,0.006342
Ca48,89.43,0.0035082
Ca48,89.826,0.012516
Ca48,89.834,0.0086213
Ca48,89.837,0.0075584
Ca48,89.847,0.0048747
Ca48,89.849,0.0042738
Ca48,90.242,0.017777
Ca48,90.253,0.010503
Ca48,90.67,0.014594
Ca48,91.081,0.024167
Ca48,91.084,0.021188
Ca48,92.768,0.02818
Ca48,93.187,0.031446
Ca48,94.028,0.033586
Ca48,95.291,0.033588
Ca48,96.969,0.033592
Ca48,97.392,0.030104
Ca48,97.394,0.026978
Ca48,97.4,0.020736
Ca48,97.815,0.024713
Ca48,97.821,0.01818
Ca48,98.661,0.016293
Ca48,99.081,0.014601
Ca48,99.083,0.013375
Ca48,99.088,0.010741
Ca48,99.503,0.012252
Ca48,99.509,0.0092129
Ca48,99.929,0.0082563
Ca48,99.932,0.0072384
Ca48,99.934,0.0066305
Ca48,100.36,0.0055638
Ca48,100.36,0.004986
Ca48,100.78,0.0046686
Ca48,100.78,0.004093
Ca48,100.78,0.003668
Ca48,101.62,0.0032872
Ca48,103.28,0.0032876
Ca48,103.69,0.0036686
Ca48,104.51,0.0060754
Ca48,104.52,0.0053264
Ca48,104.52,0.0046697
Ca48,104.52,0.004094
Ca48,104.92,0.0067796
Ca48,104.92,0.0079044
Ca48,105.34,0.0094205
Ca48,105.74,0.011227
Ca48,106.15,0.012529
Ca48,106.15,0.014607
Ca48,106.98,0.016662
Ca48,107.79,0.020299
Ca48,108.62,0.023155
Ca48,110.26,0.02528
Ca48,112.32,0.025844
Ca48,113.55,0.0242
Ca48,113.95,0.020757
Ca48,114.37,0.018602
Ca48,114.37,0.016308
Ca48,115.19,0.015271
Ca48,115.6,0.013388
Ca48,116.83,0.011739
Ca48,118.87,0.011236
Ca48,120.88,0.01369
Ca48,121.29,0.012002
Ca48,122.5,0.015278
Ca48,122.9,0.017427
Ca48,123.7,0.019447
Ca48,124.11,0.021701
Ca48,124.91,0.024217
Ca48,125.71,0.027025
Ca48,127.72,0.03016
Ca48,129.32,0.032215
Ca48,131.32,0.03152
Ca48,132.52,0.029515
Ca48,133.32,0.027038
Ca48,133.71,0.024768
Ca48,134.91,0.02269
Ca48,135.71,0.021246
Ca48,136.9,0.019895
Ca48,137.3,0.017442
Ca48,138.88,0.015633
Ca48,140.86,0.014964
Ca48,142.05,0.016337
Ca48,142.43,0.01823
Ca48,143.22,0.019903
Ca48,143.61,0.02221
Ca48,145.18,0.025336
Ca48,145.96,0.0289
Ca48,146.75,0.03225
Ca48,148.7,0.033701
Ca48,150.27,0.030204
Ca48,151.84,0.025908
Ca48,152.23,0.023733
Ca48,152.62,0.020808
Ca48,153.4,0.019061
Ca48,153.8,0.017082
Ca48,154.97,0.015996
Ca48,155.75,0.01565
Ca48,157.3,0.015998
Ca48,158.46,0.017853
Ca48,158.85,0.020365
Ca48,159.24,0.022232
Ca48,161.18,0.024273
Ca48,162.72,0.025927
Ca48,163.12,0.022731
Ca48,163.51,0.019929
Ca48,163.89,0.017093
Ca48,164.67,0.014987
Ca48,164.67,0.013139
Ca48,164.68,0.010099
Ca48,165.06,0.011775
Ca48,166.23,0.0090511
Ca48,166.61,0.008663
Ca48,167.77,0.0098819
Ca48,168.15,0.01499
Ca48,168.15,0.016727
Ca48,168.54,0.019503
Ca48,168.54,0.012578
Ca48,168.54,0.011028
Ca48,168.92,0.022739
Ca48,169.68,0.025939
Ca48,170.07,0.028945
Ca48,170.07,0.032299
Ca48,170.44,0.044881
Ca48,170.45,0.038494
Ca48,170.83,0.053489
Ca48,171.6,0.062367
Ca48,171.99,0.072716
Ca48,172.75,0.082946
Ca48,172.75,0.096708
Ca48,173.13,0.11276
Ca48,173.9,0.1231
Ca48,174.28,0.14353
Ca48,174.28,0.16016
Ca48,174.66,0.17105
